{
  "ANGER": {
    "mean": {
      "mean_f0": 261.0807189941406,
      "std_f0": 44.323822021484375,
      "range_f0": 154.94679260253906,
      "slope_f0": 18.287235260009766,
      "mean_rms": 0.03624261915683746,
      "std_rms": 0.03158528357744217,
      "max_rms": 0.12853433191776276,
      "mfcc_mean_1": -395.53125,
      "mfcc_mean_2": -6.09498405456543,
      "mfcc_mean_3": -26.78207778930664,
      "mfcc_mean_4": -1.8215128183364868,
      "mfcc_mean_5": -37.387149810791016,
      "mfcc_mean_6": -8.935291290283203,
      "mfcc_mean_7": -15.46484088897705,
      "mfcc_mean_8": -20.98433494567871,
      "mfcc_mean_9": -12.168931007385254,
      "mfcc_mean_10": -14.600485801696777,
      "mfcc_mean_11": -10.277735710144043,
      "mfcc_mean_12": -9.170405387878418,
      "mfcc_mean_13": -8.714372634887695,
      "spectral_centroid_mean": 2803.97412109375,
      "speaking_rate": 7.402692794799805,
      "pause_ratio": 0.3185499906539917,
      "mean_voiced_segment_length": 0.39030078053474426
    },
    "std": {
      "mean_f0": 98.232421875,
      "std_f0": 41.21104049682617,
      "range_f0": 134.77305603027344,
      "slope_f0": 277.2371826171875,
      "mean_rms": 0.009416026063263416,
      "std_rms": 0.010894964449107647,
      "max_rms": 0.05701581388711929,
      "mfcc_mean_1": 51.725006103515625,
      "mfcc_mean_2": 27.416048049926758,
      "mfcc_mean_3": 15.957972526550293,
      "mfcc_mean_4": 14.724628448486328,
      "mfcc_mean_5": 14.045677185058594,
      "mfcc_mean_6": 9.624796867370605,
      "mfcc_mean_7": 11.423160552978516,
      "mfcc_mean_8": 10.062026977539062,
      "mfcc_mean_9": 8.24386978149414,
      "mfcc_mean_10": 7.646615505218506,
      "mfcc_mean_11": 7.550983905792236,
      "mfcc_mean_12": 6.782917499542236,
      "mfcc_mean_13": 7.203129291534424,
      "spectral_centroid_mean": 330.9900817871094,
      "speaking_rate": 1.6547114849090576,
      "pause_ratio": 0.17289426922798157,
      "mean_voiced_segment_length": 0.196579247713089
    }
  },
  "ANXIETY": {
    "mean": {
      "mean_f0": 254.61134338378906,
      "std_f0": 43.14423370361328,
      "range_f0": 147.73886108398438,
      "slope_f0": -15.26723861694336,
      "mean_rms": 0.030024224892258644,
      "std_rms": 0.029829606413841248,
      "max_rms": 0.12323924154043198,
      "mfcc_mean_1": -413.38372802734375,
      "mfcc_mean_2": 4.188971519470215,
      "mfcc_mean_3": -16.670602798461914,
      "mfcc_mean_4": -1.2947521209716797,
      "mfcc_mean_5": -31.03864288330078,
      "mfcc_mean_6": -6.612330913543701,
      "mfcc_mean_7": -11.481703758239746,
      "mfcc_mean_8": -18.90735626220703,
      "mfcc_mean_9": -13.880621910095215,
      "mfcc_mean_10": -17.19523811340332,
      "mfcc_mean_11": -10.127878189086914,
      "mfcc_mean_12": -10.377138137817383,
      "mfcc_mean_13": -8.168947219848633,
      "spectral_centroid_mean": 2695.31640625,
      "speaking_rate": 6.673328876495361,
      "pause_ratio": 0.40769121050834656,
      "mean_voiced_segment_length": 0.32974880933761597
    },
    "std": {
      "mean_f0": 121.9208755493164,
      "std_f0": 40.8306884765625,
      "range_f0": 130.23338317871094,
      "slope_f0": 227.5248565673828,
      "mean_rms": 0.007485986687242985,
      "std_rms": 0.011372851207852364,
      "max_rms": 0.061643995344638824,
      "mfcc_mean_1": 52.94205093383789,
      "mfcc_mean_2": 22.904966354370117,
      "mfcc_mean_3": 13.116943359375,
      "mfcc_mean_4": 14.970418930053711,
      "mfcc_mean_5": 14.793757438659668,
      "mfcc_mean_6": 9.506682395935059,
      "mfcc_mean_7": 10.098628997802734,
      "mfcc_mean_8": 8.402647018432617,
      "mfcc_mean_9": 8.005380630493164,
      "mfcc_mean_10": 6.950646877288818,
      "mfcc_mean_11": 7.546909332275391,
      "mfcc_mean_12": 6.560747146606445,
      "mfcc_mean_13": 6.494403839111328,
      "spectral_centroid_mean": 385.90692138671875,
      "speaking_rate": 1.5878297090530396,
      "pause_ratio": 0.16229106485843658,
      "mean_voiced_segment_length": 0.14562498033046722
    }
  },
  "JOY": {
    "mean": {
      "mean_f0": 251.6973876953125,
      "std_f0": 49.15596008300781,
      "range_f0": 170.40020751953125,
      "slope_f0": -24.738256454467773,
      "mean_rms": 0.03488554805517197,
      "std_rms": 0.03251468017697334,
      "max_rms": 0.1306687742471695,
      "mfcc_mean_1": -412.13299560546875,
      "mfcc_mean_2": -3.5134458541870117,
      "mfcc_mean_3": -28.2569580078125,
      "mfcc_mean_4": 2.6275815963745117,
      "mfcc_mean_5": -33.88202667236328,
      "mfcc_mean_6": -7.814342975616455,
      "mfcc_mean_7": -12.739368438720703,
      "mfcc_mean_8": -18.092426300048828,
      "mfcc_mean_9": -12.24936580657959,
      "mfcc_mean_10": -14.588528633117676,
      "mfcc_mean_11": -9.405196189880371,
      "mfcc_mean_12": -9.267668724060059,
      "mfcc_mean_13": -7.196502208709717,
      "spectral_centroid_mean": 2732.19287109375,
      "speaking_rate": 6.728734970092773,
      "pause_ratio": 0.37321725487709045,
      "mean_voiced_segment_length": 0.3708917498588562
    },
    "std": {
      "mean_f0": 111.1771011352539,
      "std_f0": 52.2523307800293,
      "range_f0": 161.09100341796875,
      "slope_f0": 254.0008544921875,
      "mean_rms": 0.010367495939135551,
      "std_rms": 0.010973040014505386,
      "max_rms": 0.05293998122215271,
      "mfcc_mean_1": 50.825382232666016,
      "mfcc_mean_2": 27.806427001953125,
      "mfcc_mean_3": 16.456998825073242,
      "mfcc_mean_4": 15.077655792236328,
      "mfcc_mean_5": 16.059959411621094,
      "mfcc_mean_6": 10.15285587310791,
      "mfcc_mean_7": 10.477768898010254,
      "mfcc_mean_8": 8.84435749053955,
      "mfcc_mean_9": 7.102961540222168,
      "mfcc_mean_10": 7.843258857727051,
      "mfcc_mean_11": 7.055553913116455,
      "mfcc_mean_12": 6.1457085609436035,
      "mfcc_mean_13": 6.8188982009887695,
      "spectral_centroid_mean": 336.3996887207031,
      "speaking_rate": 1.7352015972137451,
      "pause_ratio": 0.15386605262756348,
      "mean_voiced_segment_length": 0.16175007820129395
    }
  },
  "NEUTRAL": {
    "mean": {
      "mean_f0": 192.56202697753906,
      "std_f0": 34.86076354980469,
      "range_f0": 142.22296142578125,
      "slope_f0": -16.557918548583984,
      "mean_rms": 0.030053406953811646,
      "std_rms": 0.032867494970560074,
      "max_rms": 0.159465491771698,
      "mfcc_mean_1": -427.5008544921875,
      "mfcc_mean_2": 16.314273834228516,
      "mfcc_mean_3": -11.422649383544922,
      "mfcc_mean_4": 14.641409873962402,
      "mfcc_mean_5": -19.072994232177734,
      "mfcc_mean_6": -12.025882720947266,
      "mfcc_mean_7": -11.1487398147583,
      "mfcc_mean_8": -18.619760513305664,
      "mfcc_mean_9": -13.628058433532715,
      "mfcc_mean_10": -16.932043075561523,
      "mfcc_mean_11": -10.131385803222656,
      "mfcc_mean_12": -10.6255521774292,
      "mfcc_mean_13": -6.44091796875,
      "spectral_centroid_mean": 2708.20654296875,
      "speaking_rate": 7.522083282470703,
      "pause_ratio": 0.4915839433670044,
      "mean_voiced_segment_length": 0.26119983196258545
    },
    "std": {
      "mean_f0": 112.98004913330078,
      "std_f0": 33.366729736328125,
      "range_f0": 138.05612182617188,
      "slope_f0": 82.1306381225586,
      "mean_rms": 0.009422327391803265,
      "std_rms": 0.011527935974299908,
      "max_rms": 0.07254116237163544,
      "mfcc_mean_1": 36.94950866699219,
      "mfcc_mean_2": 19.254980087280273,
      "mfcc_mean_3": 9.552056312561035,
      "mfcc_mean_4": 9.335701942443848,
      "mfcc_mean_5": 9.026538848876953,
      "mfcc_mean_6": 5.930739402770996,
      "mfcc_mean_7": 7.015675067901611,
      "mfcc_mean_8": 6.0387749671936035,
      "mfcc_mean_9": 6.8696489334106445,
      "mfcc_mean_10": 4.804040431976318,
      "mfcc_mean_11": 4.6171088218688965,
      "mfcc_mean_12": 5.031429290771484,
      "mfcc_mean_13": 6.37809419631958,
      "spectral_centroid_mean": 271.9138488769531,